{
  "repo_id": "lerobot/aloha_sim_insertion_human_image",
  "model_ref": "/root/wujinlong/pi0.5/artifacts/models/lerobot__pi05_base",
  "device": "cuda",
  "backend": "trt_int8",
  "batch_size": 1,
  "warmup_batches": 5,
  "measure_batches": 20,
  "num_inference_steps": 10,
  "samples_measured": 20,
  "mean_preprocess_ms": 3.637624749535462,
  "mean_policy_ms": 185.9195759992872,
  "mean_end_to_end_ms": 189.5641954484745,
  "p50_end_to_end_ms": 189.3715490004979,
  "p95_end_to_end_ms": 189.67441299173515,
  "p50_policy_ms": 185.9512600058224,
  "p95_policy_ms": 186.21201200585347
}