{
  "preset": "pi05_aloha_public",
  "capture_dir": "/root/wujinlong/nvme/tinyaction_pi05/outputs/trt_captures/pi05_aloha_public/train_calib40_fp32/train_sample_5000",
  "steps": 10,
  "warmup": 10,
  "repeat": 30,
  "results": {
    "int8": {
      "naive": {
        "mean_ms": 106.53043440058052,
        "p50_ms": 106.51892100577243,
        "p95_ms": 106.90168698783964
      },
      "reuse_io": {
        "mean_ms": 106.23585793364327,
        "p50_ms": 106.16966700763442,
        "p95_ms": 106.70125400065444
      },
      "cuda_graph": {
        "mean_ms": 88.81033996585757,
        "p50_ms": 88.82199799700174,
        "p95_ms": 88.87373699690215
      }
    }
  }
}