{
  "preset": "pi05_aloha_public",
  "capture_dir": "/root/wujinlong/nvme/tinyaction_pi05/outputs/trt_captures/pi05_aloha_public/train_calib40_fp32/train_sample_5000",
  "warmup": 10,
  "repeat": 30,
  "suffix_steps": 10,
  "results": {
    "int8": {
      "prefix_embed": {
        "mean_ms": 15.697233072916667,
        "p50_ms": 15.696864128112793,
        "p95_ms": 15.725215911865234
      },
      "prefix_lm": {
        "mean_ms": 80.00231526692708,
        "p50_ms": 80.01197052001953,
        "p95_ms": 80.10620880126953
      },
      "suffix_step": {
        "mean_ms": 11.680313618977864,
        "p50_ms": 11.67955207824707,
        "p95_ms": 11.757311820983887
      },
      "suffix_ten_steps": {
        "mean_ms": 107.1380215962728,
        "p50_ms": 107.1382064819336,
        "p95_ms": 107.38243103027344
      }
    }
  }
}